{
    "os": "Linux-5.15.0-58-generic-x86_64-with-glibc2.31",
    "python": "3.9.13",
    "heartbeatAt": "2023-02-16T21:33:35.934115",
    "startedAt": "2023-02-16T21:33:35.169002",
    "docker": null,
    "cuda": null,
    "args": null,
    "state": "running",
    "program": "<python with no main file>",
    "git": {
        "remote": "git@github.com:khiem2105/NeuralODE.git",
        "commit": "4a0962185f5feeb14b84183bef0c8e4b52485fcc"
    },
    "email": "khiem2105.1@gmail.com",
    "root": "/home/khiemlk17/Documents/M2 DAC/NeuralODE",
    "host": "XPS13930094cd1db6",
    "username": "khiemlk17",
    "executable": "/home/khiemlk17/anaconda3/envs/amal/bin/python",
    "cpu_count": 4,
    "cpu_count_logical": 8,
    "cpu_freq": {
        "current": 1726.356125,
        "min": 400.0,
        "max": 3900.0
    },
    "cpu_freq_per_core": [
        {
            "current": 1500.0,
            "min": 400.0,
            "max": 3900.0
        },
        {
            "current": 1663.325,
            "min": 400.0,
            "max": 3900.0
        },
        {
            "current": 1500.0,
            "min": 400.0,
            "max": 3900.0
        },
        {
            "current": 1500.0,
            "min": 400.0,
            "max": 3900.0
        },
        {
            "current": 1815.058,
            "min": 400.0,
            "max": 3900.0
        },
        {
            "current": 1500.0,
            "min": 400.0,
            "max": 3900.0
        },
        {
            "current": 1500.0,
            "min": 400.0,
            "max": 3900.0
        },
        {
            "current": 1500.0,
            "min": 400.0,
            "max": 3900.0
        }
    ],
    "disk": {
        "total": 105.2542953491211,
        "used": 76.78231048583984
    },
    "memory": {
        "total": 15.217033386230469
    }
}
